JBF rates fix S0,JBS rates fix S0,TAF rates,TAS rates,WCF rates,WCS rates,WIF rates,WIS rates,WMF rates,WMS rates,PCF rates,PCS rates,PIF rates,PIS rates,PMF rates,PMS rates
0.924898644123284,0.926937727483509,-0.00986098014182326,1.95709236620494,1.01581523963113,0.536098261555005,0.298410432542749,3.83317163848294,0.227847986916908,2.53436414436313,3417.05857245043,1.80857892448451,12.5642812857793,2.14855746944545,39.3891607471604,2.93834117426098
0.382925398653346,1.10745116584264,-0.000972581973991229,0.688432586007747,0.268989935956912,0.75984101425468,-0.0204938016698497,1.36423336925874,-0.00994934351819002,0.619752601935011,-577.485182372851,0.227840637802282,-0.782202235548967,0.465448926269765,-5.52596315821525,0.673069925235925
